"","sitio","riqueza","shannon","simpson","inv_simp","pielou","chao1"
"sitio1","sitio1",9,2.06749569024828,0.863889357395851,7.34696406443618,0.940957839072956,9
"sitio2","sitio2",8,1.86589613999623,0.83,5.88235294117647,0.897306369328805,8.5
"sitio3","sitio3",12,2.43908363692169,0.909829237817576,11.0900692840647,0.981559463060626,12
"sitio4","sitio4",9,1.76232899064712,0.765432098765432,4.26315789473684,0.802070488754347,9.2
"sitio5","sitio5",12,2.3521714400455,0.8944,9.46969696969697,0.946583422055785,12
"sitio6","sitio6",12,2.09016888243139,0.838494096680775,6.19172413793103,0.841145836448106,12.3333333333333
"sitio7","sitio7",1,0,0,1,NA,1
